{
    "vertex_data": [
        1.0,
        1.0,
        -1.0,
        1.0,
        -1.0,
        -1.0,
        1.0,
        1.0,
        1.0,
        1.0,
        -1.0,
        1.0,
        -1.0,
        1.0,
        -1.0,
        -1.0,
        -1.0,
        -1.0,
        -1.0,
        1.0,
        1.0,
        -1.0,
        -1.0,
        1.0
    ],
    "normal_data": [
        0.5773503184318542,
        0.5773503184318542,
        -0.5773503184318542,
        0.5773503184318542,
        -0.5773503184318542,
        -0.5773503184318542,
        0.5773503184318542,
        0.5773503184318542,
        0.5773503184318542,
        0.5773503184318542,
        -0.5773503184318542,
        0.5773503184318542,
        -0.5773503184318542,
        0.5773503184318542,
        -0.5773503184318542,
        -0.5773503184318542,
        -0.5773503184318542,
        -0.5773503184318542,
        -0.5773503184318542,
        0.5773503184318542,
        0.5773503184318542,
        -0.5773503184318542,
        -0.5773503184318542,
        0.5773503184318542
    ],
    "color_data": [
        1.0,
        0.0,
        0.0,
        1.0,
        1.0,
        0.0,
        0.0,
        1.0,
        1.0,
        0.0,
        0.0,
        1.0,
        1.0,
        0.0,
        0.0,
        1.0,
        1.0,
        0.0,
        0.0,
        1.0,
        1.0,
        0.0,
        0.0,
        1.0,
        1.0,
        0.0,
        0.0,
        1.0,
        1.0,
        0.0,
        0.0,
        1.0
    ],
    "weight_data": [
        1.0,
        1.0,
        1.0,
        1.0,
        1.0,
        1.0,
        1.0,
        1.0
    ],
    "materials": [
        {
            "name": "default",
            "diffuse_color": [
                1.0,
                1.0,
                1.0,
                1.0
            ]
        },
        {
            "name": "Material.001",
            "diffuse_color": [
                0.8000000715255737,
                0.014992596581578255,
                0.036061838269233704,
                1.0
            ]
        },
        {
            "name": "Material.002",
            "diffuse_color": [
                0.014681659638881683,
                0.8000000715255737,
                0.39246249198913574,
                1.0
            ]
        },
        {
            "name": "Material.003",
            "diffuse_color": [
                0.800000011920929,
                0.800000011920929,
                0.800000011920929,
                1.0
            ]
        }
    ],
    "index_data": [
        4,
        2,
        0,
        2,
        7,
        3,
        6,
        5,
        7,
        1,
        7,
        5,
        4,
        6,
        2,
        2,
        6,
        7,
        6,
        4,
        5,
        1,
        3,
        7,
        4,
        1,
        5,
        4,
        0,
        1,
        0,
        3,
        1,
        0,
        2,
        3
    ],
    "index_slots": [
        {
            "offset": 24,
            "start": 0
        },
        {
            "offset": 6,
            "start": 24
        },
        {
            "offset": 6,
            "start": 30
        }
    ],
    "uv_data": [
        0.875,
        0.5,
        0.625,
        0.75,
        0.625,
        0.5,
        0.625,
        0.75,
        0.375,
        1.0,
        0.375,
        0.75,
        0.625,
        0.0,
        0.375,
        0.25,
        0.375,
        0.0,
        0.375,
        0.5,
        0.125,
        0.75,
        0.125,
        0.5,
        0.625,
        0.5,
        0.375,
        0.75,
        0.375,
        0.5,
        0.625,
        0.25,
        0.375,
        0.5,
        0.375,
        0.25,
        0.875,
        0.5,
        0.875,
        0.75,
        0.625,
        0.75,
        0.625,
        0.75,
        0.625,
        1.0,
        0.375,
        1.0,
        0.625,
        0.0,
        0.625,
        0.25,
        0.375,
        0.25,
        0.375,
        0.5,
        0.375,
        0.75,
        0.125,
        0.75,
        0.625,
        0.5,
        0.625,
        0.75,
        0.375,
        0.75,
        0.625,
        0.25,
        0.625,
        0.5,
        0.375,
        0.5
    ]
}
