{
    "vertex_data": [
        1.0,
        1.0,
        -1.0,
        1.0,
        -1.0,
        -1.0,
        1.0,
        1.0,
        1.0,
        1.0,
        -1.0,
        1.0,
        -1.0,
        1.0,
        -1.0,
        -1.0,
        -1.0,
        -1.0,
        -1.0,
        1.0,
        1.0,
        -1.0,
        -1.0,
        1.0
    ],
    "normal_data": [
        0.5773503184318542,
        0.5773503184318542,
        -0.5773503184318542,
        0.5773503184318542,
        -0.5773503184318542,
        -0.5773503184318542,
        0.5773503184318542,
        0.5773503184318542,
        0.5773503184318542,
        0.5773503184318542,
        -0.5773503184318542,
        0.5773503184318542,
        -0.5773503184318542,
        0.5773503184318542,
        -0.5773503184318542,
        -0.5773503184318542,
        -0.5773503184318542,
        -0.5773503184318542,
        -0.5773503184318542,
        0.5773503184318542,
        0.5773503184318542,
        -0.5773503184318542,
        -0.5773503184318542,
        0.5773503184318542
    ],
    "color_data": [
        1.0,
        0.0,
        0.0,
        1.0,
        1.0,
        0.0,
        0.0,
        1.0,
        1.0,
        0.0,
        0.0,
        1.0,
        1.0,
        0.0,
        0.0,
        1.0,
        1.0,
        0.0,
        0.0,
        1.0,
        1.0,
        0.0,
        0.0,
        1.0,
        1.0,
        0.0,
        0.0,
        1.0,
        1.0,
        0.0,
        0.0,
        1.0
    ],
    "weight_data": [
        1.0,
        1.0,
        1.0,
        1.0,
        1.0,
        1.0,
        1.0,
        1.0
    ],
    "materials": [
        {
            "name": "default",
            "diffuse_color": [
                1.0,
                1.0,
                1.0,
                1.0
            ]
        },
        {
            "name": "Material",
            "diffuse_color": [
                0.800000011920929,
                0.800000011920929,
                0.800000011920929,
                1.0
            ]
        }
    ],
    "index_data": [
        4,
        2,
        0,
        2,
        7,
        3,
        6,
        5,
        7,
        1,
        7,
        5,
        0,
        3,
        1,
        4,
        1,
        5,
        4,
        6,
        2,
        2,
        6,
        7,
        6,
        4,
        5,
        1,
        3,
        7,
        0,
        2,
        3,
        4,
        0,
        1
    ],
    "index_slots": [
        {
            "offset": 36,
            "start": 0
        }
    ],
    "uv_data": [
        -10.941648483276367,
        11.941648483276367,
        11.941648483276367,
        -10.941648483276367,
        11.941648483276367,
        11.941648483276367,
        11.941648483276367,
        11.941648483276367,
        -10.941648483276367,
        -10.941648483276367,
        11.941648483276367,
        -10.941648483276367,
        -10.941648483276367,
        11.941648483276367,
        11.941648483276367,
        -10.941648483276367,
        -10.941648483276367,
        -10.941648483276367,
        11.941648483276367,
        11.941648483276367,
        -10.941648483276367,
        -10.941648483276367,
        -10.941648483276367,
        11.941648483276367,
        11.941648483276367,
        11.941648483276367,
        -10.941648483276367,
        -10.941648483276367,
        11.941648483276367,
        -10.941648483276367,
        -10.941648483276367,
        11.941648483276367,
        11.941648483276367,
        -10.941648483276367,
        -10.941648483276367,
        -10.941648483276367,
        -10.941648483276367,
        11.941648483276367,
        -10.941648483276367,
        -10.941648483276367,
        11.941648483276367,
        -10.941648483276367,
        11.941648483276367,
        11.941648483276367,
        -10.941648483276367,
        11.941648483276367,
        -10.941648483276367,
        -10.941648483276367,
        -10.941648483276367,
        11.941648483276367,
        11.941648483276367,
        11.941648483276367,
        11.941648483276367,
        -10.941648483276367,
        11.941648483276367,
        11.941648483276367,
        11.941648483276367,
        -10.941648483276367,
        -10.941648483276367,
        -10.941648483276367,
        11.941648483276367,
        11.941648483276367,
        -10.941648483276367,
        11.941648483276367,
        -10.941648483276367,
        -10.941648483276367,
        -10.941648483276367,
        11.941648483276367,
        11.941648483276367,
        11.941648483276367,
        11.941648483276367,
        -10.941648483276367
    ]
}