{
    "vertex_data": [
        1.0,
        1.0,
        -1.0,
        1.0,
        -1.0,
        -1.0,
        1.0,
        1.0,
        1.0,
        1.0,
        -1.0,
        1.0,
        -1.0,
        1.0,
        -1.0,
        -1.0,
        -1.0,
        -1.0,
        -1.0,
        1.0,
        1.0,
        -1.0,
        -1.0,
        1.0
    ],
    "normal_data": [
        0.5773503184318542,
        0.5773503184318542,
        -0.5773503184318542,
        0.5773503184318542,
        -0.5773503184318542,
        -0.5773503184318542,
        0.5773503184318542,
        0.5773503184318542,
        0.5773503184318542,
        0.5773503184318542,
        -0.5773503184318542,
        0.5773503184318542,
        -0.5773503184318542,
        0.5773503184318542,
        -0.5773503184318542,
        -0.5773503184318542,
        -0.5773503184318542,
        -0.5773503184318542,
        -0.5773503184318542,
        0.5773503184318542,
        0.5773503184318542,
        -0.5773503184318542,
        -0.5773503184318542,
        0.5773503184318542
    ],
    "color_data": [
        1.0,
        0.0,
        0.0,
        1.0,
        1.0,
        0.0,
        0.0,
        1.0,
        1.0,
        0.0,
        0.0,
        1.0,
        1.0,
        0.0,
        0.0,
        1.0,
        1.0,
        0.0,
        0.0,
        1.0,
        1.0,
        0.0,
        0.0,
        1.0,
        1.0,
        0.0,
        0.0,
        1.0,
        1.0,
        0.0,
        0.0,
        1.0
    ],
    "weight_data": [
        1.0,
        1.0,
        1.0,
        1.0,
        1.0,
        1.0,
        1.0,
        1.0
    ],
    "materials": [
        {
            "name": "default",
            "diffuse_color": [
                1.0,
                1.0,
                1.0,
                1.0
            ]
        },
        {
            "name": "Material",
            "diffuse_color": [
                0.800000011920929,
                0.800000011920929,
                0.800000011920929,
                1.0
            ]
        }
    ],
    "index_data": [
        0,
        4,
        6,
        3,
        2,
        6,
        7,
        6,
        4,
        5,
        1,
        3,
        1,
        0,
        2,
        5,
        4,
        0
    ],
    "index_slots": [
        {
            "offset": 18,
            "start": 0
        }
    ],
    "uv_data": [
        1.0,
        1.0,
        0.0,
        1.0,
        0.0,
        0.0,
        1.0,
        0.0,
        1.0,
        0.0,
        1.0,
        1.0,
        0.0,
        1.0,
        0.0,
        0.0,
        0.0,
        0.0,
        0.0,
        1.0,
        1.0,
        1.0,
        1.0,
        0.0,
        0.0,
        1.0,
        1.0,
        1.0,
        1.0,
        0.0,
        0.0,
        0.0,
        1.0,
        0.0,
        1.0,
        1.0,
        0.0,
        1.0,
        0.0,
        0.0,
        0.0,
        0.0,
        0.0,
        1.0,
        1.0,
        1.0,
        1.0,
        0.0
    ]
}