{
    "vertexdata": [
        1.0,
        1.0,
        -1.0,
        1.0,
        -1.0,
        -1.0,
        1.0,
        1.0,
        1.0,
        1.0,
        -1.0,
        1.0,
        -1.0,
        1.0,
        -1.0,
        -1.0,
        -1.0,
        -1.0,
        -1.0,
        1.0,
        1.0,
        -1.0,
        -1.0,
        1.0
    ],
    "normaldata": [
        0.5773503184318542,
        0.5773503184318542,
        -0.5773503184318542,
        0.5773503184318542,
        -0.5773503184318542,
        -0.5773503184318542,
        0.5773503184318542,
        0.5773503184318542,
        0.5773503184318542,
        0.5773503184318542,
        -0.5773503184318542,
        0.5773503184318542,
        -0.5773503184318542,
        0.5773503184318542,
        -0.5773503184318542,
        -0.5773503184318542,
        -0.5773503184318542,
        -0.5773503184318542,
        -0.5773503184318542,
        0.5773503184318542,
        0.5773503184318542,
        -0.5773503184318542,
        -0.5773503184318542,
        0.5773503184318542
    ],
    "colordata": [
        1.0,
        0.0,
        0.0,
        1.0,
        1.0,
        0.0,
        0.0,
        1.0,
        1.0,
        0.0,
        0.0,
        1.0,
        1.0,
        0.0,
        0.0,
        1.0,
        1.0,
        0.0,
        0.0,
        1.0,
        1.0,
        0.0,
        0.0,
        1.0,
        1.0,
        0.0,
        0.0,
        1.0,
        1.0,
        0.0,
        0.0,
        1.0
    ],
    "weightdata": [
        1.0,
        1.0,
        1.0,
        1.0,
        1.0,
        1.0,
        1.0,
        1.0
    ],
    "materials": [
        {
            "name": "default",
            "diffuse_color": [
                1.0,
                1.0,
                1.0,
                1.0
            ]
        },
        {
            "name": "Material",
            "diffuse_color": [
                0.800000011920929,
                0.800000011920929,
                0.800000011920929,
                1.0
            ]
        }
    ],
    "indexdata": [
        [
            4,
            0,
            2,
            2,
            3,
            7,
            6,
            7,
            5,
            1,
            5,
            7,
            0,
            1,
            3,
            4,
            5,
            1,
            4,
            2,
            6,
            2,
            7,
            6,
            6,
            5,
            4,
            1,
            7,
            3,
            0,
            3,
            2,
            4,
            1,
            0
        ]
    ],
    "uvs": [
        0.625,
        0.5,
        0.375,
        0.5,
        0.625,
        0.75,
        0.375,
        0.75,
        0.625,
        0.25,
        0.375,
        0.25,
        0.625,
        0.0,
        0.125,
        0.75
    ]
}