{
  "vertexdata": [
    0.0, -1.0, -1.0, 0.19509032368659973, -1.0, -0.9807852506637573,
    0.3826834559440613, -1.0, -0.9238795042037964, 0.5555702447891235, -1.0,
    -0.8314695954322815, 0.7071067690849304, -1.0, -0.7071067690849304,
    0.8314695954322815, -1.0, -0.5555702447891235, 0.9238795042037964, -1.0,
    -0.3826834559440613, 0.9807852506637573, -1.0, -0.19509032368659973, 1.0,
    -1.0, -0.0, 0.9807852506637573, -1.0, 0.19509032368659973,
    0.9238795042037964, -1.0, 0.3826834559440613, 0.8314695954322815, -1.0,
    0.5555702447891235, 0.7071067690849304, -1.0, 0.7071067690849304,
    0.5555702447891235, -1.0, 0.8314695954322815, 0.3826834559440613, -1.0,
    0.9238795042037964, 0.19509032368659973, -1.0, 0.9807852506637573, 0.0,
    -1.0, 1.0, -0.19509032368659973, -1.0, 0.9807852506637573,
    -0.3826834559440613, -1.0, 0.9238795042037964, -0.5555702447891235, -1.0,
    0.8314695954322815, -0.7071067690849304, -1.0, 0.7071067690849304,
    -0.8314695954322815, -1.0, 0.5555702447891235, -0.9238795042037964, -1.0,
    0.3826834559440613, -0.9807852506637573, -1.0, 0.19509032368659973, -1.0,
    -1.0, -0.0, -0.9807852506637573, -1.0, -0.19509032368659973,
    -0.9238795042037964, -1.0, -0.3826834559440613, -0.8314695954322815, -1.0,
    -0.5555702447891235, -0.7071067690849304, -1.0, -0.7071067690849304,
    -0.5555702447891235, -1.0, -0.8314695954322815, -0.3826834559440613, -1.0,
    -0.9238795042037964, -0.19509032368659973, -1.0, -0.9807852506637573, 0.0,
    1.0, -0.0
  ],
  "normaldata": [
    0.0, -0.5032898187637329, -0.8641176223754883, 0.16858109831809998,
    -0.5032901763916016, -0.8475136756896973, 0.33068349957466125,
    -0.5032898783683777, -0.7983406782150269, 0.48007845878601074,
    -0.5032896399497986, -0.7184875011444092, 0.611023485660553,
    -0.5032897591590881, -0.611023485660553, 0.7184871435165405,
    -0.5032902359962463, -0.4800783395767212, 0.7983406782150269,
    -0.5032899379730225, -0.33068349957466125, 0.847513735294342,
    -0.5032901763916016, -0.1685810387134552, 0.8641176819801331,
    -0.5032897591590881, -0.0, 0.8475136756896973, -0.5032902956008911,
    0.1685810536146164, 0.7983406782150269, -0.5032899379730225,
    0.33068349957466125, 0.7184877991676331, -0.5032897591590881,
    0.48007795214653015, 0.611023485660553, -0.5032898187637329,
    0.611023485660553, 0.4800780415534973, -0.5032898187637329,
    0.7184876203536987, 0.33068349957466125, -0.5032899379730225,
    0.7983406782150269, 0.1685810387134552, -0.5032901167869568,
    0.8475137948989868, 0.0, -0.5032898187637329, 0.8641176223754883,
    -0.16858109831809998, -0.5032901763916016, 0.8475136756896973,
    -0.33068349957466125, -0.5032898783683777, 0.7983406782150269,
    -0.48007845878601074, -0.5032896399497986, 0.7184875011444092,
    -0.611023485660553, -0.5032897591590881, 0.611023485660553,
    -0.7184871435165405, -0.5032902359962463, 0.4800783395767212,
    -0.7983406782150269, -0.5032899379730225, 0.33068349957466125,
    -0.847513735294342, -0.5032901763916016, 0.1685810387134552,
    -0.8641176819801331, -0.5032897591590881, -0.0, -0.8475136756896973,
    -0.5032902956008911, -0.1685810536146164, -0.7983406782150269,
    -0.5032899379730225, -0.33068349957466125, -0.7184877991676331,
    -0.5032897591590881, -0.48007795214653015, -0.611023485660553,
    -0.5032898187637329, -0.611023485660553, -0.4800780415534973,
    -0.5032898187637329, -0.7184876203536987, -0.33068349957466125,
    -0.5032899379730225, -0.7983406782150269, -0.1685810387134552,
    -0.5032901167869568, -0.8475137948989868, -3.128766579152398e-8, 1.0,
    1.7878665659054604e-8
  ],
  "colordata": [
    1.0, 0.0, 0.0, 1.0, 1.0, 0.0, 0.0, 1.0, 1.0, 0.0, 0.0, 1.0, 1.0, 0.0, 0.0,
    1.0, 1.0, 0.0, 0.0, 1.0, 1.0, 0.0, 0.0, 1.0, 1.0, 0.0, 0.0, 1.0, 1.0, 0.0,
    0.0, 1.0, 1.0, 0.0, 0.0, 1.0, 1.0, 0.0, 0.0, 1.0, 1.0, 0.0, 0.0, 1.0, 1.0,
    0.0, 0.0, 1.0, 1.0, 0.0, 0.0, 1.0, 1.0, 0.0, 0.0, 1.0, 1.0, 0.0, 0.0, 1.0,
    1.0, 0.0, 0.0, 1.0, 1.0, 0.0, 0.0, 1.0, 1.0, 0.0, 0.0, 1.0, 1.0, 0.0, 0.0,
    1.0, 1.0, 0.0, 0.0, 1.0, 1.0, 0.0, 0.0, 1.0, 1.0, 0.0, 0.0, 1.0, 1.0, 0.0,
    0.0, 1.0, 1.0, 0.0, 0.0, 1.0, 1.0, 0.0, 0.0, 1.0, 1.0, 0.0, 0.0, 1.0, 1.0,
    0.0, 0.0, 1.0, 1.0, 0.0, 0.0, 1.0, 1.0, 0.0, 0.0, 1.0, 1.0, 0.0, 0.0, 1.0,
    1.0, 0.0, 0.0, 1.0, 1.0, 0.0, 0.0, 1.0, 1.0, 0.0, 0.0, 1.0
  ],
  "weightdata": [
    1.0, 1.0, 1.0, 1.0, 1.0, 1.0, 1.0, 1.0, 1.0, 1.0, 1.0, 1.0, 1.0, 1.0, 1.0,
    1.0, 1.0, 1.0, 1.0, 1.0, 1.0, 1.0, 1.0, 1.0, 1.0, 1.0, 1.0, 1.0, 1.0, 1.0,
    1.0, 1.0, 1.0
  ],
  "materials": [
    {
      "name": "default",
      "diffuse_color": [1.0, 1.0, 1.0, 1.0]
    },
    {
      "name": "Material.004",
      "diffuse_color": [
        0.800000011920929, 0.800000011920929, 0.800000011920929, 1.0
      ]
    }
  ],
  "indexdata": [
    0, 1, 32, 1, 2, 32, 2, 3, 32, 3, 4, 32, 4, 5, 32, 5, 6, 32, 6, 7, 32, 7, 8,
    32, 8, 9, 32, 9, 10, 32, 10, 11, 32, 11, 12, 32, 12, 13, 32, 13, 14, 32, 14,
    15, 32, 15, 16, 32, 16, 17, 32, 17, 18, 32, 18, 19, 32, 19, 20, 32, 20, 21,
    32, 21, 22, 32, 22, 23, 32, 23, 24, 32, 24, 25, 32, 25, 26, 32, 26, 27, 32,
    27, 28, 32, 28, 29, 32, 29, 30, 32, 15, 31, 23, 30, 31, 32, 31, 0, 32, 31,
    1, 0, 1, 3, 2, 3, 5, 4, 5, 7, 6, 7, 9, 8, 9, 11, 10, 11, 13, 12, 13, 15, 14,
    15, 17, 16, 17, 19, 18, 19, 21, 20, 21, 23, 22, 23, 25, 24, 25, 27, 26, 27,
    29, 28, 29, 31, 30, 31, 7, 1, 1, 7, 3, 3, 7, 5, 7, 15, 9, 9, 15, 11, 11, 15,
    13, 15, 23, 17, 17, 23, 19, 19, 23, 21, 23, 31, 25, 25, 31, 27, 27, 31, 29,
    31, 15, 7
  ],
  "index_slots": [
    {
      "offset": 186,
      "start": 0
    }
  ],