{
    "vertex_data": [
        -1.0,
        0.0,
        1.0,
        1.0,
        0.0,
        1.0,
        -1.0,
        0.0,
        -1.0,
        1.0,
        0.0,
        -1.0
    ],
    "normal_data": [
        0.0,
        1.0,
        -0.0,
        0.0,
        1.0,
        -0.0,
        0.0,
        1.0,
        -0.0,
        0.0,
        1.0,
        -0.0
    ],
    "color_data": [
        1.0,
        0.0,
        0.0,
        1.0,
        1.0,
        0.0,
        0.0,
        1.0,
        1.0,
        0.0,
        0.0,
        1.0,
        1.0,
        0.0,
        0.0,
        1.0
    ],
    "weight_data": [
        1.0,
        1.0,
        1.0,
        1.0
    ],
    "materials": [
        {
            "name": "default",
            "diffuse_color": [
                1.0,
                1.0,
                1.0,
                1.0
            ]
        },
        {
            "name": "Material.001",
            "diffuse_color": [
                0.800000011920929,
                0.800000011920929,
                0.800000011920929,
                1.0
            ]
        }
    ],
    "index_data": [
        1,
        2,
        0,
        1,
        3,
        2
    ],
    "index_slots": [
        {
            "offset": 6,
            "start": 0
        }
    ],
    "uv_data": [
        1.0,
        0.0,
        0.0,
        1.0,
        0.0,
        0.0,
        1.0,
        0.0,
        1.0,
        1.0,
        0.0,
        1.0
    ]
}